name,email,date_of_birth,mobile_no,first_name,last_name,above_18,membership_id
Patty Smith,Patty_Smith@ross.com,19750827,59428759,Patty,Smith,True,Smith_c7677
Sean Wang DDS,Sean_Wang@gibson-calderon.com,19600311,25595367,Sean,Wang DDS,True,Wang DDS_04168
Richard Estrada,Richard_Estrada@malone.com,19921015,22821527,Richard,Estrada,True,Estrada_0bf5b
Jackson Cline,Jackson_Cline@hudson.net,19710121,48056519,Jackson,Cline,True,Cline_825fb
Allen Williams,Allen_Williams@sanchez.net,19971109,77991519,Allen,Williams,True,Williams_3e726
Eric Flores,Eric_Flores@dillon-patterson.com,19820107,36641663,Eric,Flores,True,Flores_f6828
Anna Richardson,Anna_Richardson@perry.com,19670223,64083047,Anna,Richardson,True,Richardson_ef158
Taylor Gomez,Taylor_Gomez@johnston.com,19821022,24007567,Taylor,Gomez,True,Gomez_876bf
Jeremy Rodriguez,Jeremy_Rodriguez@roth.com,19780828,32567967,Jeremy,Rodriguez,True,Rodriguez_93ac7
April Garcia,April_Garcia@hall.com,19871231,24650447,April,Garcia,True,Garcia_26b55
Sharon Garza,Sharon_Garza@duran.com,20020830,59411567,Sharon,Garza,True,Garza_40199
Lori Sanchez,Lori_Sanchez@hardin-warner.net,19980420,76989167,Lori,Sanchez,True,Sanchez_364a7
Jason Armstrong,Jason_Armstrong@curtis.com,19921116,68514503,Jason,Armstrong,True,Armstrong_e2fb8
Jessica Allison,Jessica_Allison@harper.com,19721030,66821135,Jessica,Allison,True,Allison_0c21b
Arthur Hall,Arthur_Hall@gonzalez.com,19940311,65493407,Arthur,Hall,True,Hall_5eccd
Sherry Meza,Sherry_Meza@west.com,19970409,33491119,Sherry,Meza,True,Meza_5bcfa
Matthew Turner,Matthew_Turner@martinez.com,19940707,73291455,Matthew,Turner,True,Turner_0303a
Sophia Randolph,Sophia_Randolph@leonard-ramirez.com,19500807,94510479,Sophia,Randolph,True,Randolph_76c7a
Dr. Samuel Thompson,Samuel_Thompson@sanchez-carroll.com,19840304,99063183,Dr.,Samuel Thompson,True,Samuel Thompson_8382b
Zachary Lee,Zachary_Lee@smith.com,19870704,36447751,Zachary,Lee,True,Lee_76cce
Kara Pittman,Kara_Pittman@gomez-vaughn.com,19680525,80502567,Kara,Pittman,True,Pittman_44c4d
Gabriella Anthony,Gabriella_Anthony@castro.com,19970106,89108943,Gabriella,Anthony,True,Anthony_ebd30
Misty Cantrell,Misty_Cantrell@flores-decker.com,19570303,79619831,Misty,Cantrell,True,Cantrell_b19eb
Kelly Guerrero,Kelly_Guerrero@riggs.com,19970203,53052583,Kelly,Guerrero,True,Guerrero_d55cb
David Nichols,David_Nichols@rocha.com,19620819,62269575,David,Nichols,True,Nichols_9226a
Shawn Galloway,Shawn_Galloway@johnston.com,19850419,17471367,Shawn,Galloway,True,Galloway_1a4d2
Dennis Sanford,Dennis_Sanford@lopez-archer.com,19800806,88084407,Dennis,Sanford,True,Sanford_c7e24
Amanda Murphy,Amanda_Murphy@bright-gibbs.net,20000730,30501351,Amanda,Murphy,True,Murphy_0851c
Bobby Martin,Bobby_Martin@jackson.com,20000331,43871143,Bobby,Martin,True,Martin_35f44
Vernon Bishop,Vernon_Bishop@clark-larson.com,19730710,78396487,Vernon,Bishop,True,Bishop_b0506
Phillip Meyers,Phillip_Meyers@mcneil-williams.com,19601022,95409119,Phillip,Meyers,True,Meyers_2871d
Robert Martin,Robert_Martin@crawford.com,19500718,78547615,Robert,Martin,True,Martin_6f48d
William Taylor,William_Taylor@warner-morgan.net,19860131,42996791,William,Taylor,True,Taylor_4fbc5
Michael Brady,Michael_Brady@wells-sanders.com,19500323,65342263,Michael,Brady,True,Brady_bd431
James Rhodes,James_Rhodes@green.com,19771010,27465295,James,Rhodes,True,Rhodes_df266
Ryan Ramirez,Ryan_Ramirez@pham.com,19850425,67907071,Ryan,Ramirez,True,Ramirez_5ff32
Stephen Thompson,Stephen_Thompson@hess.com,19511112,75033031,Stephen,Thompson,True,Thompson_52cd0
Susan Williams,Susan_Williams@rowland.com,19761205,95688383,Susan,Williams,True,Williams_3b0d4
Dylan Johnson,Dylan_Johnson@montgomery.com,19960107,52048815,Dylan,Johnson,True,Johnson_d53b7
Pamela King,Pamela_King@soto.net,19930929,72515095,Pamela,King,True,King_01148
Robert Smith,Robert_Smith@joyce.com,19870424,76366335,Robert,Smith,True,Smith_634dd
Samantha Gonzalez,Samantha_Gonzalez@rios-fletcher.com,19980829,40456647,Samantha,Gonzalez,True,Gonzalez_31e9a
Jeffery Walker,Jeffery_Walker@watson.com,19560624,46574799,Jeffery,Walker,True,Walker_ba5b7
Todd Alvarez,Todd_Alvarez@vaughn.com,19741125,42011263,Todd,Alvarez,True,Alvarez_7bc5d
Brett Willis,Brett_Willis@gibbs.com,19610908,86342007,Brett,Willis,True,Willis_d0046
Kristin Wilkins,Kristin_Wilkins@harvey.com,20020511,84393855,Kristin,Wilkins,True,Wilkins_48a0a
Joshua Lynch,Joshua_Lynch@daniels.com,19650526,71572839,Joshua,Lynch,True,Lynch_49515
Deborah Williams,Deborah_Williams@howard.com,19841121,11357647,Deborah,Williams,True,Williams_e69d3
Timothy Martin,Timothy_Martin@camacho-sparks.net,20030501,92008191,Timothy,Martin,True,Martin_6cf84
Sarah Bright,Sarah_Bright@winters.com,19981115,24327743,Sarah,Bright,True,Bright_776f9
Rebecca Anderson,Rebecca_Anderson@carter-ramirez.com,19730827,27023231,Rebecca,Anderson,True,Anderson_48071
Roger Frost,Roger_Frost@cole-robinson.com,19700217,94120431,Roger,Frost,True,Frost_5ba4a
Eric Dunn,Eric_Dunn@reese.com,19601207,13714207,Eric,Dunn,True,Dunn_84e93
Heather Pierce,Heather_Pierce@williams-edwards.com,19570813,32413999,Heather,Pierce,True,Pierce_1096d
Jordan Erickson,Jordan_Erickson@martinez.com,19750802,64756655,Jordan,Erickson,True,Erickson_6b984
Susan Ali,Susan_Ali@leach.com,19990105,74229143,Susan,Ali,True,Ali_f361f
Richard Wilson,Richard_Wilson@hernandez.com,19990703,36349175,Richard,Wilson,True,Wilson_f0626
Jon Butler,Jon_Butler@blackwell.com,19870318,78121695,Jon,Butler,True,Butler_a60e8
Paul Phillips,Paul_Phillips@vance.com,19970216,11213063,Paul,Phillips,True,Phillips_01acd
Adam Parker,Adam_Parker@yoder.com,19980722,27783391,Adam,Parker,True,Parker_5ebc0
Cory Walker,Cory_Walker@torres.net,19621208,37614935,Cory,Walker,True,Walker_a21be
Jeffrey Sanchez,Jeffrey_Sanchez@jones-butler.com,19950914,73226919,Jeffrey,Sanchez,True,Sanchez_cf3c9
Bianca Martin,Bianca_Martin@mitchell.com,19780205,86924127,Bianca,Martin,True,Martin_7bf56
Jeffrey King,Jeffrey_King@hicks-boyd.com,19770623,68622991,Jeffrey,King,True,King_2f8a4
Melanie Wiggins,Melanie_Wiggins@mcdonald-rice.com,20000214,91699615,Melanie,Wiggins,True,Wiggins_c46e0
Mr. Daniel Smith,Daniel_Smith@cummings.com,19860308,26613823,Mr.,Daniel Smith,True,Daniel Smith_e0b77
Scott Lawrence,Scott_Lawrence@aguilar.com,19760104,59217375,Scott,Lawrence,True,Lawrence_fbccd
James Sosa,James_Sosa@robles-hawkins.com,19570811,47053447,James,Sosa,True,Sosa_84005
Jamie Jackson,Jamie_Jackson@carr.com,19770526,71512687,Jamie,Jackson,True,Jackson_b5943
Jeffrey Hatfield,Jeffrey_Hatfield@morgan-erickson.com,19701014,69441735,Jeffrey,Hatfield,True,Hatfield_bf691
James Phillips,James_Phillips@green-taylor.com,19611019,89808183,James,Phillips,True,Phillips_c68d2
Jessica Moore,Jessica_Moore@harrison-bautista.com,19990905,27155335,Jessica,Moore,True,Moore_555b6
Richard Anderson,Richard_Anderson@peck-franklin.com,19700405,24730327,Richard,Anderson,True,Anderson_6c12a
Lauren Hahn,Lauren_Hahn@simmons.com,19720620,15132727,Lauren,Hahn,True,Hahn_38908
Faith Edwards,Faith_Edwards@price.net,19770726,44653063,Faith,Edwards,True,Edwards_96edd
Laura Vargas,Laura_Vargas@gallagher-young.com,19770910,40816943,Laura,Vargas,True,Vargas_b176f
Sarah Lewis,Sarah_Lewis@wyatt.com,19810225,37945839,Sarah,Lewis,True,Lewis_f236b
Brad Huff,Brad_Huff@moore.com,19611227,28207575,Brad,Huff,True,Huff_88806
Alexander Richardson,Alexander_Richardson@perez.com,19581025,34675335,Alexander,Richardson,True,Richardson_e102e
Matthew Moore,Matthew_Moore@nichols.com,20030707,66391671,Matthew,Moore,True,Moore_4788f
Joseph Howard,Joseph_Howard@williams.com,19520726,46746383,Joseph,Howard,True,Howard_99bdb
Anne Richards,Anne_Richards@mccarthy.com,19690609,84963423,Anne,Richards,True,Richards_e1b0f
Derek Thomas,Derek_Thomas@green.com,19640724,37329863,Derek,Thomas,True,Thomas_a6b2a
Joseph Bonilla,Joseph_Bonilla@freeman.com,19740508,66912183,Joseph,Bonilla,True,Bonilla_07c60
Gary Barber,Gary_Barber@roberts.net,19551112,44790343,Gary,Barber,True,Barber_8e448
Brian Johnson,Brian_Johnson@carr.com,19810617,76631695,Brian,Johnson,True,Johnson_01409
Christine Peterson,Christine_Peterson@hamilton.com,19741119,57627175,Christine,Peterson,True,Peterson_d3043
Christopher Bautista,Christopher_Bautista@rodgers.com,19940212,48834663,Christopher,Bautista,True,Bautista_06ca7
Barbara Krueger,Barbara_Krueger@strong.com,19520322,30905343,Barbara,Krueger,True,Krueger_f41b0
Monica Oconnor,Monica_Oconnor@gordon.com,19800107,97887295,Monica,Oconnor,True,Oconnor_5d9be
Peggy Johnson,Peggy_Johnson@berg.com,19720328,34795631,Peggy,Johnson,True,Johnson_317e0
Susan Herrera,Susan_Herrera@gomez.com,19550826,24027735,Susan,Herrera,True,Herrera_2275e
Andrew Matthews,Andrew_Matthews@ramos-vaughn.com,19880219,90821359,Andrew,Matthews,True,Matthews_33105
Erin Kennedy,Erin_Kennedy@hendricks-mason.com,19650109,35865639,Erin,Kennedy,True,Kennedy_e1e07
Jason Lopez,Jason_Lopez@wood-hill.com,19740830,11287127,Jason,Lopez,True,Lopez_ad64b
Jerry Clark,Jerry_Clark@perez.com,19950928,46859655,Jerry,Clark,True,Clark_850e2
Alyssa Kim,Alyssa_Kim@beck-zuniga.com,19901108,59732335,Alyssa,Kim,True,Kim_61638
Courtney Williams,Courtney_Williams@garner.com,19990919,27598999,Courtney,Williams,True,Williams_225d6
Matthew Nelson,Matthew_Nelson@hunt.com,19580127,45515247,Matthew,Nelson,True,Nelson_49b51
Robert Moore,Robert_Moore@young.com,19550415,19512199,Robert,Moore,True,Moore_bd6b1
Nicole Mcgee,Nicole_Mcgee@reyes.com,19590303,34539135,Nicole,Mcgee,True,Mcgee_84007
Danielle Hunter,Danielle_Hunter@ballard.com,19710811,99947039,Danielle,Hunter,True,Hunter_c76d0
Kelly Perez,Kelly_Perez@ward-wilson.com,19600519,60614735,Kelly,Perez,True,Perez_016c7
Mary Odom,Mary_Odom@morgan-reynolds.com,19630813,98738367,Mary,Odom,True,Odom_e8796
Arthur Gibson II,Arthur_Gibson@thompson-thompson.com,19610306,75411807,Arthur,Gibson II,True,Gibson II_7ade8
Christopher Miller,Christopher_Miller@kelly.com,19850131,16222031,Christopher,Miller,True,Miller_5a80b
Amber Hopkins,Amber_Hopkins@hall.com,19750831,15289039,Amber,Hopkins,True,Hopkins_7c2f6
Nancy Garcia,Nancy_Garcia@lewis-hayden.com,19680305,62971303,Nancy,Garcia,True,Garcia_76b84
Alex Rhodes,Alex_Rhodes@russell.net,19780913,75808519,Alex,Rhodes,True,Rhodes_a5121
Daniel Bennett,Daniel_Bennett@stephens-oneill.com,19730228,20776023,Daniel,Bennett,True,Bennett_1ed65
Kevin Woodard,Kevin_Woodard@lynch.com,19550809,30319911,Kevin,Woodard,True,Woodard_0dee6
Alan Peterson,Alan_Peterson@burch.com,19760129,88993663,Alan,Peterson,True,Peterson_9e709
Jacob Grant,Jacob_Grant@cummings.com,19911204,94196575,Jacob,Grant,True,Grant_46694
Gabrielle Johnson,Gabrielle_Johnson@serrano.com,19580610,35424207,Gabrielle,Johnson,True,Johnson_aa25e
Caleb Morales,Caleb_Morales@collins.com,19660329,69459679,Caleb,Morales,True,Morales_0598c
James Dominguez,James_Dominguez@black.com,19881205,49527207,James,Dominguez,True,Dominguez_e2663
Kathryn Cardenas,Kathryn_Cardenas@skinner.com,19830508,81016239,Kathryn,Cardenas,True,Cardenas_35ae4
Jeffrey Santiago,Jeffrey_Santiago@duncan.com,19750228,93827623,Jeffrey,Santiago,True,Santiago_5cbec
Andrew Mclaughlin,Andrew_Mclaughlin@fitzpatrick-lucas.com,19730514,66417719,Andrew,Mclaughlin,True,Mclaughlin_b2423
Mr. Bryan Porter,Bryan_Porter@elliott.com,19570214,88089671,Mr.,Bryan Porter,True,Bryan Porter_e9e42
Brendan Smith,Brendan_Smith@williams.com,19580516,67839775,Brendan,Smith,True,Smith_750a9
Jeffrey Hernandez,Jeffrey_Hernandez@mcdaniel.com,19891231,76263607,Jeffrey,Hernandez,True,Hernandez_f3251
Michael Miller,Michael_Miller@taylor-moore.com,19640520,17581687,Michael,Miller,True,Miller_375ad
Theresa Newman,Theresa_Newman@perry-scott.com,19941129,36575799,Theresa,Newman,True,Newman_069d1
Paul Romero,Paul_Romero@middleton-jones.com,19601007,98843943,Paul,Romero,True,Romero_7ffde
Janet Choi,Janet_Choi@neal.com,19860718,66675695,Janet,Choi,True,Choi_e37de
Mark Bender,Mark_Bender@oneal-wilkins.com,19690911,27354911,Mark,Bender,True,Bender_b8ade
Abigail Brown,Abigail_Brown@jones-underwood.com,19800810,15726143,Abigail,Brown,True,Brown_7bef7
Antonio Dominguez,Antonio_Dominguez@nichols.com,19801115,75861007,Antonio,Dominguez,True,Dominguez_821d7
Tony Morris,Tony_Morris@davis.com,19700805,33280551,Tony,Morris,True,Morris_1057d
Randy Carlson,Randy_Carlson@rivera.com,19550530,51211679,Randy,Carlson,True,Carlson_d8db2
Mitchell Pierce,Mitchell_Pierce@houston-conway.net,20010824,96845551,Mitchell,Pierce,True,Pierce_7e42c
Angela West,Angela_West@anderson-fitzgerald.com,19810427,59397207,Angela,West,True,West_0afba
Kevin Peters,Kevin_Peters@edwards.com,19670602,28855487,Kevin,Peters,True,Peters_4b936
Benjamin Conway,Benjamin_Conway@burton-paul.com,19551228,23338319,Benjamin,Conway,True,Conway_b14b9
Andrew Stewart,Andrew_Stewart@wong.com,19511202,19799879,Andrew,Stewart,True,Stewart_c3765
Brenda Jones,Brenda_Jones@lang.com,19550804,62608823,Brenda,Jones,True,Jones_e27fe
Elizabeth Bailey,Elizabeth_Bailey@stephenson-arnold.com,19630101,20218071,Elizabeth,Bailey,True,Bailey_5c8a5
Kelly Levy,Kelly_Levy@barajas.com,19940805,74468255,Kelly,Levy,True,Levy_1b739
Thomas Burton,Thomas_Burton@dunn-avery.net,19750419,14613071,Thomas,Burton,True,Burton_e624b
Paul Peterson,Paul_Peterson@bullock.com,20021225,59148863,Paul,Peterson,True,Peterson_c41f4
Michael Reilly,Michael_Reilly@cooper.net,19720514,33876967,Michael,Reilly,True,Reilly_1c829
Alejandra Martinez,Alejandra_Martinez@jones.com,19791221,87381327,Alejandra,Martinez,True,Martinez_d6f6b
Timothy Sanders,Timothy_Sanders@harrell.com,19521003,63453583,Timothy,Sanders,True,Sanders_e813f
Latoya Little,Latoya_Little@martinez.com,19780708,43404335,Latoya,Little,True,Little_9b0c8
Sarah Harvey,Sarah_Harvey@martin-smith.com,19600331,58520471,Sarah,Harvey,True,Harvey_119d2
Melissa Ortiz,Melissa_Ortiz@lee-malone.com,19580729,49637727,Melissa,Ortiz,True,Ortiz_84be0
Brooke Hernandez,Brooke_Hernandez@benitez.com,19911114,97309975,Brooke,Hernandez,True,Hernandez_bcb5b
Lisa Livingston,Lisa_Livingston@glover.com,19500423,20519415,Lisa,Livingston,True,Livingston_19295
Eugene Mason,Eugene_Mason@gardner.com,19781213,47810855,Eugene,Mason,True,Mason_6bc9b
Daniel Cunningham,Daniel_Cunningham@cooper.com,19730326,78657983,Daniel,Cunningham,True,Cunningham_12799
Alex Smith,Alex_Smith@johnson.com,20020503,58965703,Alex,Smith,True,Smith_894dd
Jessica Vargas,Jessica_Vargas@miller-price.net,19810517,48925903,Jessica,Vargas,True,Vargas_ed53f
Olivia Clark,Olivia_Clark@wade-roberson.com,19741001,67793735,Olivia,Clark,True,Clark_92a9e
Cathy Carney,Cathy_Carney@williams.net,19970522,31104151,Cathy,Carney,True,Carney_0d73a
Haley Baldwin,Haley_Baldwin@bush-wolfe.com,19650413,31940631,Haley,Baldwin,True,Baldwin_b3439
Alexander Wilson,Alexander_Wilson@barron-garcia.com,19881111,13893319,Alexander,Wilson,True,Wilson_51998
April Cole,April_Cole@vargas.com,19610622,65186503,April,Cole,True,Cole_2b0a2
Holly Riley,Holly_Riley@stokes.com,19740728,55620431,Holly,Riley,True,Riley_3e1f8
Jeffrey Poole,Jeffrey_Poole@cross.com,19570204,82077439,Jeffrey,Poole,True,Poole_23f28
Rachel Poole,Rachel_Poole@jones.net,19760807,35095087,Rachel,Poole,True,Poole_46b07
Sheena Ward,Sheena_Ward@wilson-mcbride.com,19730926,96834175,Sheena,Ward,True,Ward_57d0c
Cynthia Smith,Cynthia_Smith@smith.com,19510509,48760255,Cynthia,Smith,True,Smith_8477e
Kevin Clayton,Kevin_Clayton@miller.com,19750807,25081071,Kevin,Clayton,True,Clayton_6ad7d
Sarah Coleman,Sarah_Coleman@novak.com,19500119,37411775,Sarah,Coleman,True,Coleman_db259
Cody Becker,Cody_Becker@hansen.com,19601216,76003567,Cody,Becker,True,Becker_dd317
Miss Molly Miller,Molly_Miller@king-kelly.net,19770511,99947663,Miss,Molly Miller,True,Molly Miller_d8bf5
Craig Bailey,Craig_Bailey@hancock-brown.com,19970713,33032303,Craig,Bailey,True,Bailey_fac5d
Patricia Gray,Patricia_Gray@dawson.com,19660319,18281751,Patricia,Gray,True,Gray_00c0a
Robert Rivera DVM,Robert_Rivera@gibson.com,19500722,35020847,Robert,Rivera DVM,True,Rivera DVM_6a7ce
Miss Michelle Lewis,Michelle_Lewis@wiggins-thornton.com,19830121,64700455,Miss,Michelle Lewis,True,Michelle Lewis_afe1c
John Owens,John_Owens@callahan.com,19670424,71230983,John,Owens,True,Owens_4cd37
Sarah Smith,Sarah_Smith@kirk.com,19680804,22702359,Sarah,Smith,True,Smith_313dd
Nancy Lucas,Nancy_Lucas@aguilar.com,19830607,91477863,Nancy,Lucas,True,Lucas_b2c40
Christina Murray,Christina_Murray@collins-day.com,19791217,35027583,Christina,Murray,True,Murray_a46c7
Emma Berry,Emma_Berry@charles.com,19940107,34612959,Emma,Berry,True,Berry_c02ad
Christopher Gross,Christopher_Gross@grimes.net,20031114,49217831,Christopher,Gross,True,Gross_2742d
Jason Hawkins,Jason_Hawkins@adams-hunter.com,19541001,31750255,Jason,Hawkins,True,Hawkins_8aa4f
Jeffrey Rodriguez,Jeffrey_Rodriguez@johnson-white.com,19690718,29947599,Jeffrey,Rodriguez,True,Rodriguez_84bf3
Christina Miller,Christina_Miller@marshall-lucas.com,19530425,92153503,Christina,Miller,True,Miller_84bb3
Maria Miller,Maria_Miller@roberts.com,19941221,86317751,Maria,Miller,True,Miller_208dd
Eileen Davis,Eileen_Davis@knox.com,19520404,19544735,Eileen,Davis,True,Davis_3a81f
Harry Miller,Harry_Miller@warner-jackson.com,19890613,63478047,Harry,Miller,True,Miller_4e2a7
Ellen Montes,Ellen_Montes@sellers.com,19610714,16519759,Ellen,Montes,True,Montes_29eaa
Gregory Mclean,Gregory_Mclean@valencia.com,19610801,38860951,Gregory,Mclean,True,Mclean_3b78d
Angela Spencer,Angela_Spencer@lopez.com,19980502,18410783,Angela,Spencer,True,Spencer_071ed
Christina Price,Christina_Price@kennedy-tran.com,19860805,65381695,Christina,Price,True,Price_35238
Amber Randall,Amber_Randall@boyd-freeman.net,19520910,60506343,Amber,Randall,True,Randall_fe7f8
Matthew Morris,Matthew_Morris@boyle-novak.com,19981111,49822607,Matthew,Morris,True,Morris_f9657
Cindy Blackburn,Cindy_Blackburn@bolton.net,20001008,86098071,Cindy,Blackburn,True,Blackburn_0c5fb
Matthew Jacobson,Matthew_Jacobson@bishop-thomas.com,19510412,99110191,Matthew,Jacobson,True,Jacobson_496c2
Stacy Jones,Stacy_Jones@perez.com,19940909,71998399,Stacy,Jones,True,Jones_c6f5d
Scott Zimmerman,Scott_Zimmerman@fischer.com,19560130,70071511,Scott,Zimmerman,True,Zimmerman_881d6
Dakota Silva,Dakota_Silva@barker-miller.com,19791007,41853599,Dakota,Silva,True,Silva_80f7f
Jacob Spencer,Jacob_Spencer@jefferson.net,19620226,41992359,Jacob,Spencer,True,Spencer_d5b01
Matthew Oliver,Matthew_Oliver@mitchell.com,19720423,14016935,Matthew,Oliver,True,Oliver_94edc
Roger Maddox,Roger_Maddox@richards.com,19810426,86988519,Roger,Maddox,True,Maddox_6974f
Bryan Gutierrez,Bryan_Gutierrez@short-huerta.net,19881118,84795039,Bryan,Gutierrez,True,Gutierrez_c61e8
Peter Schultz,Peter_Schultz@shah.com,19570829,78301895,Peter,Schultz,True,Schultz_5fff4
Justin Burke,Justin_Burke@johnson.com,19961202,43401655,Justin,Burke,True,Burke_ea689
Sarah Ramsey,Sarah_Ramsey@hayes.com,19640622,63376279,Sarah,Ramsey,True,Ramsey_4c3e8
Michael Chang,Michael_Chang@watkins.com,19900209,99632783,Michael,Chang,True,Chang_e27c8
Pamela Hughes,Pamela_Hughes@rivas-garza.com,19570116,32117783,Pamela,Hughes,True,Hughes_bf91b
Jimmy Morris,Jimmy_Morris@hall-watkins.com,19640120,31836895,Jimmy,Morris,True,Morris_25892
Lauren Romero,Lauren_Romero@davis.com,20020425,50100783,Lauren,Romero,True,Romero_e5750
Adam Jones,Adam_Jones@kline-reeves.com,19570107,83246639,Adam,Jones,True,Jones_2b07e
Matthew Murphy,Matthew_Murphy@graham.com,19600216,18189831,Matthew,Murphy,True,Murphy_5dc4e
Jessica Arroyo,Jessica_Arroyo@flores-evans.com,20021019,24971015,Jessica,Arroyo,True,Arroyo_a6982
Caleb Zuniga,Caleb_Zuniga@stone.net,19681028,36180711,Caleb,Zuniga,True,Zuniga_a2d94
Cheyenne Moreno,Cheyenne_Moreno@hampton.com,19600912,61341887,Cheyenne,Moreno,True,Moreno_8048c
Courtney Lopez,Courtney_Lopez@sanders.com,19710810,35323391,Courtney,Lopez,True,Lopez_93fe3
Kenneth Williamson,Kenneth_Williamson@perez.com,19541003,36169599,Kenneth,Williamson,True,Williamson_b834c
Bruce Browning,Bruce_Browning@robertson-baldwin.com,19631113,22984503,Bruce,Browning,True,Browning_1f631
Shannon Gilbert,Shannon_Gilbert@brown-schaefer.com,19920613,34472903,Shannon,Gilbert,True,Gilbert_cba39
Amanda Brown,Amanda_Brown@williams.com,19541218,52400391,Amanda,Brown,True,Brown_cde99
Riley Gomez,Riley_Gomez@hoffman.com,19810211,20838807,Riley,Gomez,True,Gomez_010a6
Shelby Price,Shelby_Price@fuller.net,19860807,74350543,Shelby,Price,True,Price_e8f96
Scott Harris,Scott_Harris@mullins.com,19901214,36307567,Scott,Harris,True,Harris_fc222
Bonnie Franklin,Bonnie_Franklin@gillespie.com,19880714,22008807,Bonnie,Franklin,True,Franklin_f8d94
Ashley Morris,Ashley_Morris@marshall.net,20021001,13085855,Ashley,Morris,True,Morris_73a97
Jack Jensen,Jack_Jensen@kent-williamson.net,19601229,93571087,Jack,Jensen,True,Jensen_676e2
Daniel Armstrong,Daniel_Armstrong@brown.com,19820714,18991247,Daniel,Armstrong,True,Armstrong_f79a4
Susan Donovan,Susan_Donovan@jordan-anderson.com,19690130,85222335,Susan,Donovan,True,Donovan_6c619
Michael Powell,Michael_Powell@mccall.com,19941127,63894311,Michael,Powell,True,Powell_4f74d
Alexander Lowe,Alexander_Lowe@morris.com,19610508,93074023,Alexander,Lowe,True,Lowe_73be1
